LineCode,LineName,LineOrigin,LineDestination,TmbLineId
136,136 Pg. Marítim - Verneda,Pg. Marítim,Verneda,
19,19 Pl. Catalunya - Sant Genís,Pl. Catalunya,Sant Genís,
33,33 Zona Universitària - Verneda,Zona Universitària,Verneda,
47,47 Pg. Marítim - Canyelles,Pg. Marítim,Canyelles,
59,59 Poblenou - Pl. Reina Maria Cristina,Poblenou,Pl. Reina Maria Cristina,
7,7 Fòrum - Zona Universitària,Fòrum,Zona Universitària,
D20,D20 Pg. Marítim - Ernest Lluch,Pg. Marítim,Ernest Lluch,
H10,H10 Pl. Sants - Olímpic de Badalona,Pl. Sants,Olímpic de Badalona,
H12,H12 Gornal - Besòs Verneda,Gornal,Besòs Verneda,
H16,H16 Pg. Zona Franca - Fòrum Campus Besòs,Pg. Zona Franca,Fòrum Campus Besòs,
V15,V15 Barceloneta - Av. Tibidabo,Barceloneta,Av. Tibidabo,
V19,V19 Barceloneta - Pl. Alfonso Comín,Barceloneta,Pl. Alfonso Comín,
V21,V21 Pg. Marítim - Montbau,Pg. Marítim,Montbau,
V27,V27 Pg. Marítim - Canyelles,Pg. Marítim,Canyelles,
V31,V31 Fòrum - Trinitat Vella,Fòrum,Trinitat Vella,
