FreezerId,StoreId,Model,Capacity,InstallDate
FRZ001,ST01,Liebherr GGPv 6570,650,2022-03-14
FRZ002,ST01,Carrier Viento 550,550,2022-03-14
FRZ003,ST01,Epta Bering M2,700,2023-06-01
FRZ004,ST02,Arneg Genesis Cube,600,2021-11-08
FRZ005,ST02,Zoeller Iceberg 400,400,2022-09-19
FRZ006,ST03,Liebherr GGPv 6570,650,2020-05-22
FRZ007,ST03,Framec Frare 800,800,2021-02-10
FRZ008,ST03,Criocabin Frozen Isola,500,2023-01-30
FRZ009,ST04,Carrier Viento 550,550,2022-07-04
FRZ010,ST04,Epta Bering M2,700,2022-07-04
FRZ011,ST05,Arneg Genesis Cube,600,2019-10-12
FRZ012,ST05,Zoeller Iceberg 400,400,2021-04-18
FRZ013,ST05,Framec Frare 800,800,2023-08-25
FRZ014,ST06,Liebherr GGPv 6570,650,2022-12-01
FRZ015,ST06,Criocabin Frozen Isola,500,2023-03-15
